<metadata xml:lang="en"><Esri><CreaDate>20150309</CreaDate><CreaTime>16530800</CreaTime><SyncOnce>FALSE</SyncOnce><SyncDate>20250516</SyncDate><SyncTime>08343600</SyncTime><ModDate>20250516</ModDate><ModTime>08343600</ModTime><ArcGISFormat>1.0</ArcGISFormat><DataProperties><itemProps><itemLocation><linkage Sync="FALSE">withheld</linkage><protocol Sync="TRUE">Local Area Network</protocol></itemLocation><itemName Sync="TRUE">nyap</itemName><imsContentType Sync="TRUE">002</imsContentType><nativeExtBox><westBL Sync="TRUE">912287.068787</westBL><eastBL Sync="TRUE">1067382.508423</eastBL><southBL Sync="TRUE">113279.346985</southBL><northBL Sync="TRUE">273617.843201</northBL><exTypeCode Sync="TRUE">1</exTypeCode></nativeExtBox><itemSize Sync="TRUE">0.000</itemSize></itemProps><coordRef><type Sync="TRUE">Projected</type><geogcsn Sync="TRUE">GCS_North_American_1983</geogcsn><csUnits Sync="TRUE">Linear Unit: Foot_US (0.304801)</csUnits><projcsn Sync="TRUE">NAD_1983_StatePlane_New_York_Long_Island_FIPS_3104_Feet</projcsn><peXml Sync="TRUE">&lt;ProjectedCoordinateSystem xsi:type='typens:ProjectedCoordinateSystem' xmlns:xsi='http://www.w3.org/2001/XMLSchema-instance' xmlns:xs='http://www.w3.org/2001/XMLSchema' xmlns:typens='http://www.esri.com/schemas/ArcGIS/10.8'&gt;&lt;WKT&gt;PROJCS[&amp;quot;NAD_1983_StatePlane_New_York_Long_Island_FIPS_3104_Feet&amp;quot;,GEOGCS[&amp;quot;GCS_North_American_1983&amp;quot;,DATUM[&amp;quot;D_North_American_1983&amp;quot;,SPHEROID[&amp;quot;GRS_1980&amp;quot;,6378137.0,298.257222101]],PRIMEM[&amp;quot;Greenwich&amp;quot;,0.0],UNIT[&amp;quot;Degree&amp;quot;,0.0174532925199433]],PROJECTION[&amp;quot;Lambert_Conformal_Conic&amp;quot;],PARAMETER[&amp;quot;False_Easting&amp;quot;,984250.0],PARAMETER[&amp;quot;False_Northing&amp;quot;,0.0],PARAMETER[&amp;quot;Central_Meridian&amp;quot;,-74.0],PARAMETER[&amp;quot;Standard_Parallel_1&amp;quot;,40.66666666666666],PARAMETER[&amp;quot;Standard_Parallel_2&amp;quot;,41.03333333333333],PARAMETER[&amp;quot;Latitude_Of_Origin&amp;quot;,40.16666666666666],UNIT[&amp;quot;Foot_US&amp;quot;,0.3048006096012192],AUTHORITY[&amp;quot;EPSG&amp;quot;,2263]]&lt;/WKT&gt;&lt;XOrigin&gt;-120039300&lt;/XOrigin&gt;&lt;YOrigin&gt;-96540300&lt;/YOrigin&gt;&lt;XYScale&gt;37212589.015695661&lt;/XYScale&gt;&lt;ZOrigin&gt;-100000&lt;/ZOrigin&gt;&lt;ZScale&gt;10000&lt;/ZScale&gt;&lt;MOrigin&gt;-100000&lt;/MOrigin&gt;&lt;MScale&gt;10000&lt;/MScale&gt;&lt;XYTolerance&gt;0.0032808333333333331&lt;/XYTolerance&gt;&lt;ZTolerance&gt;0.001&lt;/ZTolerance&gt;&lt;MTolerance&gt;0.001&lt;/MTolerance&gt;&lt;HighPrecision&gt;true&lt;/HighPrecision&gt;&lt;WKID&gt;102718&lt;/WKID&gt;&lt;LatestWKID&gt;2263&lt;/LatestWKID&gt;&lt;/ProjectedCoordinateSystem&gt;</peXml></coordRef><lineage><Process ToolSource="c:\program files (x86)\arcgis\desktop10.8\ArcToolbox\Toolboxes\Analysis Tools.tbx\Select" Date="20250516" Time="083436">Select c:\temp\BYTES_GP\Districts.gdb\nyap C:\Temp\25B\GIS_OUTPUT\Districts\shp\nyap__Iteration.shp "ObjectID&gt;=0 AND ObjectID&lt;3000"</Process><Process ToolSource="c:\program files (x86)\arcgis\desktop10.8\ArcToolbox\Toolboxes\Analysis Tools.tbx\Select" Date="20250516" Time="083436">Select C:\Temp\25B\GIS_OUTPUT\Districts\shp\nyap__Iteration.shp C:\Temp\25B\GIS_OUTPUT\Districts\shp\nyap.shp #</Process><Process ToolSource="c:\program files (x86)\arcgis\desktop10.8\ArcToolbox\Toolboxes\Data Management Tools.tbx\Append" Date="20250516" Time="083437">Append C:\Temp\25B\GIS_OUTPUT\Districts\shp\nyap__Iteration.shp C:\Temp\25B\GIS_OUTPUT\Districts\shp\nyap.shp TEST # #</Process><Process ToolSource="c:\program files (x86)\arcgis\desktop10.8\ArcToolbox\Toolboxes\Data Management Tools.tbx\Append" Date="20250516" Time="083438">Append C:\Temp\25B\GIS_OUTPUT\Districts\shp\nyap__Iteration.shp C:\Temp\25B\GIS_OUTPUT\Districts\shp\nyap.shp TEST # #</Process><Process ToolSource="c:\program files (x86)\arcgis\desktop10.8\ArcToolbox\Toolboxes\Data Management Tools.tbx\Append" Date="20250516" Time="083440">Append C:\Temp\25B\GIS_OUTPUT\Districts\shp\nyap__Iteration.shp C:\Temp\25B\GIS_OUTPUT\Districts\shp\nyap.shp TEST # #</Process><Process ToolSource="c:\program files (x86)\arcgis\desktop10.8\ArcToolbox\Toolboxes\Data Management Tools.tbx\Append" Date="20250516" Time="083441">Append C:\Temp\25B\GIS_OUTPUT\Districts\shp\nyap__Iteration.shp C:\Temp\25B\GIS_OUTPUT\Districts\shp\nyap.shp TEST # #</Process><Process ToolSource="c:\program files (x86)\arcgis\desktop10.8\ArcToolbox\Toolboxes\Data Management Tools.tbx\Append" Date="20250516" Time="083442">Append C:\Temp\25B\GIS_OUTPUT\Districts\shp\nyap__Iteration.shp C:\Temp\25B\GIS_OUTPUT\Districts\shp\nyap.shp TEST # #</Process><Process ToolSource="c:\program files (x86)\arcgis\desktop10.8\ArcToolbox\Toolboxes\Data Management Tools.tbx\Append" Date="20250516" Time="083443">Append C:\Temp\25B\GIS_OUTPUT\Districts\shp\nyap__Iteration.shp C:\Temp\25B\GIS_OUTPUT\Districts\shp\nyap.shp TEST # #</Process><Process ToolSource="c:\program files (x86)\arcgis\desktop10.8\ArcToolbox\Toolboxes\Data Management Tools.tbx\Append" Date="20250516" Time="083444">Append C:\Temp\25B\GIS_OUTPUT\Districts\shp\nyap__Iteration.shp C:\Temp\25B\GIS_OUTPUT\Districts\shp\nyap.shp TEST # #</Process><Process ToolSource="c:\program files (x86)\arcgis\desktop10.8\ArcToolbox\Toolboxes\Data Management Tools.tbx\Append" Date="20250516" Time="083445">Append C:\Temp\25B\GIS_OUTPUT\Districts\shp\nyap__Iteration.shp C:\Temp\25B\GIS_OUTPUT\Districts\shp\nyap.shp TEST # #</Process><Process ToolSource="c:\program files (x86)\arcgis\desktop10.8\ArcToolbox\Toolboxes\Data Management Tools.tbx\Append" Date="20250516" Time="083446">Append C:\Temp\25B\GIS_OUTPUT\Districts\shp\nyap__Iteration.shp C:\Temp\25B\GIS_OUTPUT\Districts\shp\nyap.shp TEST # #</Process><Process ToolSource="c:\program files (x86)\arcgis\desktop10.8\ArcToolbox\Toolboxes\Data Management Tools.tbx\Append" Date="20250516" Time="083448">Append C:\Temp\25B\GIS_OUTPUT\Districts\shp\nyap__Iteration.shp C:\Temp\25B\GIS_OUTPUT\Districts\shp\nyap.shp TEST # #</Process><Process ToolSource="c:\program files (x86)\arcgis\desktop10.8\ArcToolbox\Toolboxes\Data Management Tools.tbx\Append" Date="20250516" Time="083449">Append C:\Temp\25B\GIS_OUTPUT\Districts\shp\nyap__Iteration.shp C:\Temp\25B\GIS_OUTPUT\Districts\shp\nyap.shp TEST # #</Process><Process ToolSource="c:\program files (x86)\arcgis\desktop10.8\ArcToolbox\Toolboxes\Data Management Tools.tbx\Append" Date="20250516" Time="083450">Append C:\Temp\25B\GIS_OUTPUT\Districts\shp\nyap__Iteration.shp C:\Temp\25B\GIS_OUTPUT\Districts\shp\nyap.shp TEST # #</Process><Process ToolSource="c:\program files (x86)\arcgis\desktop10.8\ArcToolbox\Toolboxes\Data Management Tools.tbx\Append" Date="20250516" Time="083451">Append C:\Temp\25B\GIS_OUTPUT\Districts\shp\nyap__Iteration.shp C:\Temp\25B\GIS_OUTPUT\Districts\shp\nyap.shp TEST # #</Process><Process ToolSource="c:\program files (x86)\arcgis\desktop10.8\ArcToolbox\Toolboxes\Data Management Tools.tbx\Append" Date="20250516" Time="083452">Append C:\Temp\25B\GIS_OUTPUT\Districts\shp\nyap__Iteration.shp C:\Temp\25B\GIS_OUTPUT\Districts\shp\nyap.shp TEST # #</Process><Process ToolSource="c:\program files (x86)\arcgis\desktop10.8\ArcToolbox\Toolboxes\Data Management Tools.tbx\Append" Date="20250516" Time="083453">Append C:\Temp\25B\GIS_OUTPUT\Districts\shp\nyap__Iteration.shp C:\Temp\25B\GIS_OUTPUT\Districts\shp\nyap.shp TEST # #</Process><Process ToolSource="c:\program files (x86)\arcgis\desktop10.8\ArcToolbox\Toolboxes\Data Management Tools.tbx\Append" Date="20250516" Time="083454">Append C:\Temp\25B\GIS_OUTPUT\Districts\shp\nyap__Iteration.shp C:\Temp\25B\GIS_OUTPUT\Districts\shp\nyap.shp TEST # #</Process><Process ToolSource="c:\program files (x86)\arcgis\desktop10.8\ArcToolbox\Toolboxes\Data Management Tools.tbx\Append" Date="20250516" Time="083456">Append C:\Temp\25B\GIS_OUTPUT\Districts\shp\nyap__Iteration.shp C:\Temp\25B\GIS_OUTPUT\Districts\shp\nyap.shp TEST # #</Process><Process ToolSource="c:\program files (x86)\arcgis\desktop10.8\ArcToolbox\Toolboxes\Data Management Tools.tbx\Append" Date="20250516" Time="083457">Append C:\Temp\25B\GIS_OUTPUT\Districts\shp\nyap__Iteration.shp C:\Temp\25B\GIS_OUTPUT\Districts\shp\nyap.shp TEST # #</Process><Process ToolSource="c:\program files (x86)\arcgis\desktop10.8\ArcToolbox\Toolboxes\Data Management Tools.tbx\Append" Date="20250516" Time="083458">Append C:\Temp\25B\GIS_OUTPUT\Districts\shp\nyap__Iteration.shp C:\Temp\25B\GIS_OUTPUT\Districts\shp\nyap.shp TEST # #</Process><Process ToolSource="c:\program files (x86)\arcgis\desktop10.8\ArcToolbox\Toolboxes\Data Management Tools.tbx\Append" Date="20250516" Time="083459">Append C:\Temp\25B\GIS_OUTPUT\Districts\shp\nyap__Iteration.shp C:\Temp\25B\GIS_OUTPUT\Districts\shp\nyap.shp TEST # #</Process><Process ToolSource="c:\program files (x86)\arcgis\desktop10.8\ArcToolbox\Toolboxes\Data Management Tools.tbx\Append" Date="20250516" Time="083500">Append C:\Temp\25B\GIS_OUTPUT\Districts\shp\nyap__Iteration.shp C:\Temp\25B\GIS_OUTPUT\Districts\shp\nyap.shp TEST # #</Process><Process ToolSource="c:\program files (x86)\arcgis\desktop10.8\ArcToolbox\Toolboxes\Data Management Tools.tbx\Append" Date="20250516" Time="083501">Append C:\Temp\25B\GIS_OUTPUT\Districts\shp\nyap__Iteration.shp C:\Temp\25B\GIS_OUTPUT\Districts\shp\nyap.shp TEST # #</Process><Process ToolSource="c:\program files (x86)\arcgis\desktop10.8\ArcToolbox\Toolboxes\Data Management Tools.tbx\Append" Date="20250516" Time="083502">Append C:\Temp\25B\GIS_OUTPUT\Districts\shp\nyap__Iteration.shp C:\Temp\25B\GIS_OUTPUT\Districts\shp\nyap.shp TEST # #</Process><Process ToolSource="c:\program files (x86)\arcgis\desktop10.8\ArcToolbox\Toolboxes\Data Management Tools.tbx\RepairGeometry" Date="20250516" Time="083521">RepairGeometry C:\Temp\25B\GIS_OUTPUT\Districts\shp\nyap.shp DELETE_NULL</Process></lineage></DataProperties><scaleRange><minScale>150000000</minScale><maxScale>5000</maxScale></scaleRange></Esri><mdLang><languageCode value="eng"/><countryCode value="USA" Sync="TRUE"/></mdLang><mdChar><CharSetCd value="004"/></mdChar><mdHrLv><ScopeCd value="005"/></mdHrLv><mdContact><editorSource>external</editorSource><editorDigest>8a4090e01f5f57bf9facfa428fb5afb</editorDigest><rpOrgName>New York City Department of City Planning (DCP)</rpOrgName><rpCntInfo><cntAddress><delPoint>120 Broadway, 31st Floor</delPoint><city>New York</city><adminArea>NY</adminArea><postCode>10271</postCode><eMailAdd>DCPopendata@planning.nyc.gov</eMailAdd></cntAddress></rpCntInfo><editorSave>True</editorSave><displayName>New York City Department of City Planning (DCP)</displayName><role><RoleCd value="010"/></role></mdContact><distInfo><distributor><distorCont><rpOrgName>New York City Department of City Planning</rpOrgName><rpCntInfo><cntAddress addressType="both"><delPoint>120 Broadway, 31st Floor</delPoint><city>New York</city><adminArea>New York</adminArea><postCode>10271</postCode><country>US</country></cntAddress><cntInstr>Available at the following website: https://www1.nyc.gov/site/planning/data-maps/open-data.page</cntInstr></rpCntInfo><role><RoleCd value="005"/></role></distorCont><distorOrdPrc><resFees>Free</resFees></distorOrdPrc></distributor><distTranOps><onLineSrc><linkage>https://www1.nyc.gov/site/planning/data-maps/open-data.page</linkage></onLineSrc><transSize Sync="TRUE">0.000</transSize></distTranOps><distFormat><formatName Sync="FALSE">ESRI Shapefile</formatName><formatVer>Open Specification</formatVer></distFormat></distInfo><dataIdInfo><idCitation><resTitle Sync="FALSE">New York City Atomic Polygons</resTitle><resEd>25B</resEd><datasetSeries><seriesName>BYTES of the BIG APPLE</seriesName><issId>25B</issId></datasetSeries><date><createDate>4/28/2025</createDate><pubDate>5/19/2025</pubDate></date><citRespParty><editorSource>external</editorSource><editorDigest>8a4090e01f5f57bf9facfa428fb5afb</editorDigest><rpOrgName>New York City Department of City Planning (DCP)</rpOrgName><rpCntInfo><cntAddress><delPoint>120 Broadway, 31st Floor</delPoint><city>New York</city><adminArea>NY</adminArea><postCode>10271</postCode><eMailAdd>DCPopendata@planning.nyc.gov</eMailAdd></cntAddress></rpCntInfo><editorSave>True</editorSave><displayName>New York City Department of City Planning (DCP)</displayName><role><RoleCd value="010"/></role></citRespParty><presForm><PresFormCd value="005" Sync="TRUE"/></presForm></idCitation><idAbs>&lt;DIV STYLE="text-align:Left;"&gt;&lt;DIV&gt;&lt;DIV&gt;&lt;P&gt;&lt;SPAN&gt;Atomic polygons serve as a set of basic building blocks for generating the polygons of many of the district types represented in the CSCL database. Feature classes such as election district, school district, census block, FDNY administrative company, and community district can be dissolved by combining the appropriate fields in atomic polygons.&lt;/SPAN&gt;&lt;/P&gt;&lt;/DIV&gt;&lt;/DIV&gt;&lt;/DIV&gt;</idAbs><idPurp>Atomic polygons are a set of basic building blocks to generate Atomic Polygon-based district hierarchies.</idPurp><idStatus><ProgCd value="001"/></idStatus><resMaint><maintFreq><MaintFreqCd value="006"/></maintFreq></resMaint><placeKeys><keyword>Bronx</keyword><keyword>Richmond</keyword><keyword>New York</keyword><keyword>Queens</keyword><keyword>Staten Island</keyword><keyword>New York City</keyword><keyword>Brooklyn</keyword><keyword>Kings</keyword><keyword>Manhattan</keyword></placeKeys><themeKeys><keyword>boundaries</keyword><keyword>Atomic Polygons</keyword></themeKeys><searchKeys><keyword>Atomic Polygon</keyword><keyword>boundary</keyword><keyword>boundaries</keyword><keyword>districts</keyword><keyword>LION</keyword><keyword>CSCL</keyword><keyword>Department of City Planning</keyword><keyword>DCP</keyword><keyword>New York City</keyword><keyword>NYC</keyword><keyword>LIONdistricts</keyword></searchKeys><resConst><LegConsts><othConsts>The data is freely available to all New York City agencies and the public.</othConsts></LegConsts></resConst><resConst><SecConsts><class><ClasscationCd value="001"/></class></SecConsts></resConst><resConst><Consts><useLimit>&lt;DIV STYLE="text-align:Left;"&gt;&lt;DIV&gt;&lt;DIV&gt;&lt;P&gt;&lt;SPAN&gt;This dataset is being provided by the Department of City Planning (DCP) on DCP’s website for informational purposes only. DCP does not warranty the completeness, accuracy, content, or fitness for any particular purpose or use of the dataset, nor are any such warranties to be implied or inferred with respect to the dataset as furnished on the website. DCP and the City are not liable for any deficiencies in the completeness, accuracy, content, or fitness for any particular purpose or use the dataset, or applications utilizing the dataset, provided by any third party.&lt;/SPAN&gt;&lt;/P&gt;&lt;/DIV&gt;&lt;/DIV&gt;&lt;/DIV&gt;</useLimit></Consts></resConst><dataLang><languageCode value="eng"/><countryCode value="USA" Sync="TRUE"/></dataLang><dataExt><exDesc>ground condition</exDesc></dataExt><idCredit>Department of City Planning (DCP)</idCredit><idPoC><editorSource>external</editorSource><editorDigest>8a4090e01f5f57bf9facfa428fb5afb</editorDigest><rpOrgName>New York City Department of City Planning (DCP)</rpOrgName><rpCntInfo><cntAddress><delPoint>120 Broadway, 31st Floor</delPoint><city>New York</city><adminArea>NY</adminArea><postCode>10271</postCode><eMailAdd>DCPopendata@planning.nyc.gov</eMailAdd></cntAddress></rpCntInfo><editorSave>True</editorSave><displayName>New York City Department of City Planning (DCP)</displayName><role><RoleCd value="010"/></role></idPoC><dataChar><CharSetCd value="004"/></dataChar><tpCat><TopicCatCd value="003"/></tpCat><envirDesc Sync="TRUE"> Version 6.2 (Build 9200) ; Esri ArcGIS 10.8.1.14362</envirDesc><spatRpType><SpatRepTypCd value="001" Sync="TRUE"/></spatRpType><dataExt><geoEle><GeoBndBox esriExtentType="search"><exTypeCode Sync="TRUE">1</exTypeCode><westBL Sync="TRUE">-74.260380</westBL><eastBL Sync="TRUE">-73.699206</eastBL><northBL Sync="TRUE">40.917691</northBL><southBL Sync="TRUE">40.477211</southBL></GeoBndBox></geoEle></dataExt></dataIdInfo><mdMaint><maintFreq><MaintFreqCd value="006"/></maintFreq></mdMaint><dqInfo><dqScope><scpLvl><ScopeCd value="005"/></scpLvl></dqScope><report dimension="horizontal" type="DQAbsExtPosAcc"/></dqInfo><eainfo Sync="FALSE"><detailed Name="nyap" Sync="FALSE"><enttyp Sync="FALSE"><enttypl Sync="TRUE">nyap</enttypl><enttypt Sync="TRUE">Feature Class</enttypt><enttypc Sync="TRUE">0</enttypc></enttyp><attr><attrlabl Sync="TRUE">FID</attrlabl><attalias Sync="TRUE">FID</attalias><attrtype Sync="TRUE">OID</attrtype><attwidth Sync="TRUE">4</attwidth><atprecis Sync="TRUE">0</atprecis><attscale Sync="TRUE">0</attscale><attrdef Sync="TRUE">Internal feature number.</attrdef><attrdefs Sync="TRUE">Esri</attrdefs><attrdomv><udom Sync="TRUE">Sequential unique whole numbers that are automatically generated.</udom></attrdomv></attr><attr Sync="FALSE"><attrlabl Sync="FALSE">AssemDist</attrlabl><attalias Sync="TRUE">ASSEMDIST</attalias><attrtype Sync="TRUE">String</attrtype><attwidth Sync="TRUE">2</attwidth><atprecis Sync="TRUE">0</atprecis><attscale Sync="TRUE">0</attscale><attrdef>State Assembly District Number</attrdef></attr><attr><attrlabl Sync="TRUE">BOROUGH</attrlabl><attalias Sync="TRUE">BOROUGH</attalias><attrtype Sync="TRUE">String</attrtype><attwidth Sync="TRUE">1</attwidth><atprecis Sync="TRUE">0</atprecis><attscale Sync="TRUE">0</attscale><attrdef>Borough Code</attrdef><attrdomv><edom><edomv>1</edomv><edomvd>Manhattan</edomvd></edom><edom><edomv>2</edomv><edomvd>Bronx</edomvd></edom><edom><edomv>3</edomv><edomvd>Brooklyn</edomvd></edom><edom><edomv>4</edomv><edomvd>Queens</edomvd></edom><edom><edomv>5</edomv><edomvd>Staten Island</edomvd></edom></attrdomv></attr><attr><attrlabl Sync="TRUE">CENSUSBLOC</attrlabl><attalias Sync="TRUE">CENSUSBLOC</attalias><attrtype Sync="TRUE">String</attrtype><attwidth Sync="TRUE">4</attwidth><atprecis Sync="TRUE">0</atprecis><attscale Sync="TRUE">0</attscale></attr><attr><attrlabl Sync="TRUE">CENSUSBL_1</attrlabl><attalias Sync="TRUE">CENSUSBL_1</attalias><attrtype Sync="TRUE">String</attrtype><attwidth Sync="TRUE">1</attwidth><atprecis Sync="TRUE">0</atprecis><attscale Sync="TRUE">0</attscale></attr><attr><attrlabl Sync="TRUE">CENSUSTRAC</attrlabl><attalias Sync="TRUE">CENSUSTRAC</attalias><attrtype Sync="TRUE">String</attrtype><attwidth Sync="TRUE">6</attwidth><atprecis Sync="TRUE">0</atprecis><attscale Sync="TRUE">0</attscale></attr><attr><attrlabl Sync="TRUE">CENSUSBL_2</attrlabl><attalias Sync="TRUE">CENSUSBL_2</attalias><attrtype Sync="TRUE">String</attrtype><attwidth Sync="TRUE">4</attwidth><atprecis Sync="TRUE">0</atprecis><attscale Sync="TRUE">0</attscale></attr><attr><attrlabl Sync="TRUE">CENSUSBL_3</attrlabl><attalias Sync="TRUE">CENSUSBL_3</attalias><attrtype Sync="TRUE">String</attrtype><attwidth Sync="TRUE">1</attwidth><atprecis Sync="TRUE">0</atprecis><attscale Sync="TRUE">0</attscale></attr><attr><attrlabl Sync="TRUE">CENSUSTR_1</attrlabl><attalias Sync="TRUE">CENSUSTR_1</attalias><attrtype Sync="TRUE">String</attrtype><attwidth Sync="TRUE">6</attwidth><atprecis Sync="TRUE">0</atprecis><attscale Sync="TRUE">0</attscale></attr><attr><attrlabl Sync="TRUE">CENSUSTR_2</attrlabl><attalias Sync="TRUE">CENSUSTR_2</attalias><attrtype Sync="TRUE">String</attrtype><attwidth Sync="TRUE">6</attwidth><atprecis Sync="TRUE">0</atprecis><attscale Sync="TRUE">0</attscale></attr><attr><attrlabl Sync="TRUE">ADMIN_FIRE</attrlabl><attalias Sync="TRUE">ADMIN_FIRE</attalias><attrtype Sync="TRUE">String</attrtype><attwidth Sync="TRUE">5</attwidth><atprecis Sync="TRUE">0</atprecis><attscale Sync="TRUE">0</attscale></attr><attr><attrlabl Sync="TRUE">WATER_FLAG</attrlabl><attalias Sync="TRUE">WATER_FLAG</attalias><attrtype Sync="TRUE">String</attrtype><attwidth Sync="TRUE">1</attwidth><atprecis Sync="TRUE">0</atprecis><attscale Sync="TRUE">0</attscale><attrdef>Flag to indicate the relationship of the Atomic Polygon to water</attrdef><attrdomv><edom><edomv>Water</edomv><edomvd>Atomic polygon is under water that is part of the shoreline</edomvd></edom><edom><edomv>Non-Water</edomv><edomvd>Atomic polygon is on land</edomvd></edom><edom><edomv>Internal Water</edomv><edomvd>Atomic polygon is under water that is not part of the shoreline (lake, pond, reservior, etc.)</edomvd></edom><edom><edomv>Pier</edomv><edomvd>Atomic polygon is on a pier or structure over water</edomvd></edom></attrdomv></attr><attr><attrlabl Sync="TRUE">Shape</attrlabl><attalias Sync="TRUE">Shape</attalias><attrtype Sync="TRUE">Geometry</attrtype><attwidth Sync="TRUE">0</attwidth><atprecis Sync="TRUE">0</atprecis><attscale Sync="TRUE">0</attscale><attrdef Sync="TRUE">Feature geometry.</attrdef><attrdefs Sync="TRUE">ESRI</attrdefs><attrdomv><udom Sync="TRUE">Coordinates defining the features.</udom></attrdomv></attr><attr><attrlabl Sync="TRUE">ELECTDIST</attrlabl><attalias Sync="TRUE">ELECTDIST</attalias><attrtype Sync="TRUE">String</attrtype><attwidth Sync="TRUE">3</attwidth><atprecis Sync="TRUE">0</atprecis><attscale Sync="TRUE">0</attscale><attrdef>Three digit election district number</attrdef></attr><attr><attrlabl Sync="TRUE">SCHOOLDIST</attrlabl><attalias Sync="TRUE">SCHOOLDIST</attalias><attrtype Sync="TRUE">String</attrtype><attwidth Sync="TRUE">2</attwidth><atprecis Sync="TRUE">0</atprecis><attscale Sync="TRUE">0</attscale><attrdef>The two digit school district number</attrdef></attr><attr><attrlabl Sync="TRUE">COMMDIST</attrlabl><attalias Sync="TRUE">COMMDIST</attalias><attrtype Sync="TRUE">String</attrtype><attwidth Sync="TRUE">3</attwidth><atprecis Sync="TRUE">0</atprecis><attscale Sync="TRUE">0</attscale><attrdef>Community district number preceded by BoroCode</attrdef></attr><attr><attrlabl Sync="TRUE">SB1_VOLUME</attrlabl><attalias Sync="TRUE">SB1_VOLUME</attalias><attrtype Sync="TRUE">String</attrtype><attwidth Sync="TRUE">3</attwidth><atprecis Sync="TRUE">0</atprecis><attscale Sync="TRUE">0</attscale><attrdef>First Sanborn volume the atomic polygon appears in</attrdef></attr><attr><attrlabl Sync="TRUE">SB1_PAGE</attrlabl><attalias Sync="TRUE">SB1_PAGE</attalias><attrtype Sync="TRUE">String</attrtype><attwidth Sync="TRUE">4</attwidth><atprecis Sync="TRUE">0</atprecis><attscale Sync="TRUE">0</attscale><attrdef>First Sanborn page the atomic polygon appears in</attrdef></attr><attr><attrlabl Sync="TRUE">SB2_VOLUME</attrlabl><attalias Sync="TRUE">SB2_VOLUME</attalias><attrtype Sync="TRUE">String</attrtype><attwidth Sync="TRUE">3</attwidth><atprecis Sync="TRUE">0</atprecis><attscale Sync="TRUE">0</attscale><attrdef>Second Sanborn volume the atomic polygon appears in</attrdef></attr><attr><attrlabl Sync="TRUE">SB2_PAGE</attrlabl><attalias Sync="TRUE">SB2_PAGE</attalias><attrtype Sync="TRUE">String</attrtype><attwidth Sync="TRUE">4</attwidth><atprecis Sync="TRUE">0</atprecis><attscale Sync="TRUE">0</attscale><attrdef>Second Sanborn page the atomic polygon appears in</attrdef></attr><attr><attrlabl Sync="TRUE">SB3_VOLUME</attrlabl><attalias Sync="TRUE">SB3_VOLUME</attalias><attrtype Sync="TRUE">String</attrtype><attwidth Sync="TRUE">3</attwidth><atprecis Sync="TRUE">0</atprecis><attscale Sync="TRUE">0</attscale><attrdef>Third Sanborn volume the atomic polygon appears in</attrdef></attr><attr><attrlabl Sync="TRUE">SB3_PAGE</attrlabl><attalias Sync="TRUE">SB3_PAGE</attalias><attrtype Sync="TRUE">String</attrtype><attwidth Sync="TRUE">4</attwidth><atprecis Sync="TRUE">0</atprecis><attscale Sync="TRUE">0</attscale><attrdef>Third Sanborn page the atomic polygon appears in</attrdef></attr><attr><attrlabl Sync="TRUE">ATOMICID</attrlabl><attalias Sync="TRUE">ATOMICID</attalias><attrtype Sync="TRUE">String</attrtype><attwidth Sync="TRUE">10</attwidth><atprecis Sync="TRUE">0</atprecis><attscale Sync="TRUE">0</attscale><attrdef>Unique ID for the atomic polygon</attrdef></attr><attr><attrlabl Sync="TRUE">ATOMIC_NUM</attrlabl><attalias Sync="TRUE">ATOMIC_NUM</attalias><attrtype Sync="TRUE">String</attrtype><attwidth Sync="TRUE">3</attwidth><atprecis Sync="TRUE">0</atprecis><attscale Sync="TRUE">0</attscale><attrdef>Atomic Number is the 3 last digits of the Atomic ID. This field has been depracated and is no longer maintained (all NULL values)</attrdef></attr><attr><attrlabl Sync="TRUE">HURRICANE_</attrlabl><attalias Sync="TRUE">HURRICANE_</attalias><attrtype Sync="TRUE">String</attrtype><attwidth Sync="TRUE">2</attwidth><atprecis Sync="TRUE">0</atprecis><attscale Sync="TRUE">0</attscale></attr><attr><attrlabl Sync="TRUE">CENSUSTR_3</attrlabl><attalias Sync="TRUE">CENSUSTR_3</attalias><attrtype Sync="TRUE">String</attrtype><attwidth Sync="TRUE">6</attwidth><atprecis Sync="TRUE">0</atprecis><attscale Sync="TRUE">0</attscale></attr><attr><attrlabl Sync="TRUE">CENSUSBL_4</attrlabl><attalias Sync="TRUE">CENSUSBL_4</attalias><attrtype Sync="TRUE">String</attrtype><attwidth Sync="TRUE">4</attwidth><atprecis Sync="TRUE">0</atprecis><attscale Sync="TRUE">0</attscale></attr><attr><attrlabl Sync="TRUE">CENSUSBL_5</attrlabl><attalias Sync="TRUE">CENSUSBL_5</attalias><attrtype Sync="TRUE">String</attrtype><attwidth Sync="TRUE">1</attwidth><atprecis Sync="TRUE">0</atprecis><attscale Sync="TRUE">0</attscale></attr><attr><attrlabl Sync="TRUE">COMMERCIAL</attrlabl><attalias Sync="TRUE">COMMERCIAL</attalias><attrtype Sync="TRUE">String</attrtype><attwidth Sync="TRUE">50</attwidth><atprecis Sync="TRUE">0</atprecis><attscale Sync="TRUE">0</attscale></attr><attr><attrlabl Sync="TRUE">Shape_Leng</attrlabl><attalias Sync="TRUE">Shape_Leng</attalias><attrtype Sync="TRUE">Double</attrtype><attwidth Sync="TRUE">19</attwidth><atprecis Sync="TRUE">0</atprecis><attscale Sync="TRUE">0</attscale></attr><attr><attrlabl Sync="TRUE">Shape_Area</attrlabl><attalias Sync="TRUE">Shape_Area</attalias><attrtype Sync="TRUE">Double</attrtype><attwidth Sync="TRUE">19</attwidth><atprecis Sync="TRUE">0</atprecis><attscale Sync="TRUE">0</attscale><attrdef Sync="TRUE">Area of feature in internal units squared.</attrdef><attrdefs Sync="TRUE">ESRI</attrdefs><attrdomv><udom Sync="TRUE">Positive real numbers that are automatically generated.</udom></attrdomv></attr></detailed></eainfo><mdHrLvName Sync="TRUE">dataset</mdHrLvName><refSysInfo><RefSystem><refSysID><identCode code="2263" Sync="TRUE"/><idCodeSpace Sync="TRUE">EPSG</idCodeSpace><idVersion Sync="TRUE">5.3(9.0.0)</idVersion></refSysID></RefSystem></refSysInfo><spatRepInfo><VectSpatRep><geometObjs Name="nyap"><geoObjTyp><GeoObjTypCd value="002" Sync="TRUE"></GeoObjTypCd></geoObjTyp><geoObjCnt Sync="TRUE">0</geoObjCnt></geometObjs><topLvl><TopoLevCd value="001" Sync="TRUE"></TopoLevCd></topLvl></VectSpatRep></spatRepInfo><spdoinfo><ptvctinf><esriterm Name="nyap"><efeatyp Sync="TRUE">Simple</efeatyp><efeageom code="4" Sync="TRUE"></efeageom><esritopo Sync="TRUE">FALSE</esritopo><efeacnt Sync="TRUE">0</efeacnt><spindex Sync="TRUE">FALSE</spindex><linrefer Sync="TRUE">FALSE</linrefer></esriterm></ptvctinf></spdoinfo><mdDateSt Sync="TRUE">20250516</mdDateSt></metadata>
